0,1,2,3,4,5,6,7,8,9,10,11,12,13,14,15,16,17,18,19,20,21,22,23,24,25,26,27,28,29,30,31,32,33,34,35,36,37
-0.5434595360885751,0.7328980393611985,-0.4262350874299277,0.8904635057093451,0.0838721818148025,-0.4758972933703018,0.3798019791403676,-1.2678611417079364,-1.2782391975788283,0.2378303882712392,1.4233792193798789,-1.2743476920888372,-1.6029837521392991,-1.829009300853943,-2.0965336155944443,-0.6573421981221795,-0.5608780005341085,0.0,1.0,0.0,0.0,0.0,0.0,0.0,1.0,0.0,0.0,0.0,1.0,0.0,0.0,0.0,0.0,1.0,1.0,0.0,0.0,0.0
0.0804676874390765,-0.0571165852849781,0.0614499399731707,0.1377100979902453,-0.1001306314527269,-1.731983086280765,-1.2523088876439754,-0.6110708570503,1.3186445069985764,0.3822928455831801,0.3419817774883905,-0.0688836590318288,0.1543387597388648,0.0847522994416629,-0.2055016221452552,0.6573421981221795,0.7793285256442036,0.0,1.0,0.0,0.0,0.0,0.0,1.0,0.0,0.0,0.0,0.0,1.0,0.0,0.0,0.0,1.0,0.0,0.0,1.0,0.0,0.0
0.6265304114341033,0.4581103438320938,-0.7734971886547024,0.286670750101418,-1.250488960325284,1.1458097162558825,0.8420805720263828,-1.3275693494040852,-1.0077803120369329,-1.0708596004022553,-0.7963313192394923,-1.2743476920888372,-1.373767772329104,-1.829009300853943,-1.9306536161690768,-0.6573421981221795,-0.7366427908525757,1.0,0.0,0.0,0.0,0.0,1.0,0.0,0.0,0.0,0.0,1.0,0.0,0.0,0.0,0.0,1.0,0.0,1.0,0.0,0.0,0.0
1.5062981334260916,0.750072270331767,0.95332528191658,0.4550186031896064,0.9568633069840832,1.6293732609444176,-0.8603272047505447,-1.4469857647963829,0.8643191009818924,1.4241716555000408,0.8542226710159375,-1.2743476920888372,-1.373767772329104,-1.829009300853943,-1.997005615939224,-1.314684396244359,-1.1760547666487435,1.0,0.0,0.0,0.0,0.0,1.0,0.0,0.0,0.0,0.0,0.0,0.0,0.0,1.0,0.0,0.0,1.0,0.0,0.0,0.0,1.0
0.1239504599053471,-1.001699288666274,-1.5211543901987516,0.2668651203263372,-0.2234806655320712,-1.4548186155446532,-1.1995862051495374,-0.3125298185695561,0.701207344461557,0.9012384043634072,-1.4793191772762218,-1.2743476920888372,-1.6793890787426975,-1.829009300853943,-1.6320696172034157,0.0,0.0762693643703349,0.0,0.0,1.0,0.0,0.0,0.0,1.0,0.0,0.0,0.0,0.0,0.0,0.0,1.0,0.0,1.0,0.0,0.0,0.0,1.0,0.0
-1.4677212578134915,0.4752845748026624,-0.5457843353925548,-0.7305296579948197,1.1715332557962015,0.7566000339455982,-0.5653858215207898,-0.2528216108734073,-1.2542878003616862,-0.3241820111291832,1.480294874216273,-0.0688836590318288,-0.1512825466747289,0.0847522994416629,-0.2718536219154022,0.0,0.1202105619499517,1.0,0.0,0.0,0.0,0.0,1.0,0.0,0.0,0.0,0.0,0.0,1.0,0.0,0.0,0.0,1.0,0.0,1.0,0.0,0.0,0.0
-0.6830088988873042,-0.4692981285786335,-1.47750942665684,1.316981927203695,1.3664399394795852,1.6706530757349014,-0.3201107333944912,-0.6110708570503,-1.4754455198682597,-0.2760384032198013,-0.2840904257119449,-1.2743476920888372,-1.4119704356308032,-1.829009300853943,-1.5657176174332683,-1.9720265943665387,-1.747290335183762,0.0,0.0,0.0,0.0,1.0,0.0,0.0,0.0,0.0,1.0,0.0,0.0,1.0,0.0,0.0,1.0,0.0,0.0,0.0,1.0,0.0
-1.5546868027460328,0.3894134199498176,0.3916335772032837,0.4452552645680878,0.8955290358949062,-0.3166751506070039,1.4273787573994194,0.702509712264973,-0.8480756354145018,0.984815516877614,-0.3410060805483391,1.1365803740251796,0.9183920257728492,1.0416330995894658,1.1878903730278316,1.9720265943665387,1.899829063924432,0.0,0.0,1.0,0.0,0.0,0.0,0.0,0.0,0.0,1.0,1.0,0.0,0.0,0.0,1.0,0.0,0.0,0.0,0.0,1.0,0.0
-0.2967200830241552,-0.3834269737257887,0.5586230029288588,0.0855459744981308,1.6001916615194467,-0.4346174785798174,1.1698781197091932,1.239883581530312,0.187054295278419,-0.9476919582136032,0.5696443968339666,1.1365803740251796,1.071202678979646,1.998513899737269,1.619178371533787,1.314684396244359,1.1967699026505632,0.0,1.0,0.0,0.0,0.0,1.0,0.0,0.0,0.0,0.0,0.0,1.0,0.0,0.0,0.0,0.0,1.0,0.0,0.0,0.0,1.0
0.3626000948365071,-0.606691976343186,1.4106485955513923,0.3275372960457754,1.0549981407267657,0.7094231027564728,0.4004325940294955,-0.5513626493541511,-1.2900032059410762,-0.483670420740687,-1.2516565579306451,1.1365803740251796,0.7273787092643531,0.0847522994416629,0.3253143760159207,0.0,-0.0555542283685154,0.0,1.0,0.0,0.0,0.0,1.0,0.0,0.0,0.0,0.0,0.0,1.0,0.0,0.0,0.0,1.0,0.0,0.0,0.0,1.0,0.0
-0.3149221738239894,0.4924588057732311,-0.6596407620236285,-0.7227189870976046,0.843735651419602,-1.5314811287269818,1.8040785033379405,0.2845522583919316,-1.2364324466151946,-0.565874432722211,-1.4793191772762218,-1.2743476920888372,-1.6411864154409983,-0.87212850070614,-1.267133618467607,-1.314684396244359,-1.5495549460754865,0.0,0.0,0.0,1.0,0.0,0.0,1.0,0.0,0.0,0.0,0.0,0.0,0.0,1.0,0.0,1.0,0.0,1.0,0.0,0.0,0.0
-0.7699744438198455,-1.7917139133124491,0.957120496137616,1.095075187963175,0.2583341084684606,0.5443038435945339,0.2231621253525443,0.3442604660880803,-0.1210236880906427,-0.6580059767797506,-1.0809095934214632,-0.0688836590318288,-0.1512825466747289,0.0847522994416629,0.0599063769353327,-0.6573421981221795,-0.363142611425833,1.0,0.0,0.0,0.0,0.0,0.0,0.0,0.0,1.0,0.0,0.0,0.0,1.0,0.0,1.0,0.0,0.0,1.0,0.0,0.0,0.0
0.0531645512393248,1.6087838188602184,1.425829452435535,-0.0224086554026628,0.7374229148650292,0.9865875734925846,0.3041563912135653,-0.2528216108734073,-1.486606238664289,1.006701051116352,-0.0564278063663688,1.1365803740251796,0.6127707193592554,0.0847522994416629,0.3916663757860677,-0.6573421981221795,-0.5389074017443001,0.0,0.0,0.0,1.0,0.0,1.0,0.0,0.0,0.0,0.0,0.0,1.0,0.0,0.0,1.0,0.0,0.0,0.0,0.0,0.0,1.0
-0.2390801288246801,-0.1258135091672527,0.8129023557382563,-0.971684121946334,-1.31114173951347,-0.8120329280928201,0.9345362906035852,0.4039686737842291,0.4753964467272223,-0.1360912593756892,0.6834757065067549,1.1365803740251796,1.1476080055830444,1.0416330995894658,1.2210663729129052,0.0,0.0542987655805265,0.0,0.0,1.0,0.0,0.0,0.0,1.0,0.0,0.0,0.0,1.0,0.0,0.0,0.0,0.0,1.0,0.0,0.0,0.0,0.0,1.0
0.9066403642982194,0.8015949632434731,1.4922457013036623,1.0376109663622357,0.0375307325474251,-1.2307281923963076,0.1138962761249408,1.478716412314907,-1.093828942691976,1.2143070174505914,-1.023993938585069,-1.2743476920888372,-0.8007278228036157,0.0847522994416629,0.1262583767054797,-1.314684396244359,-1.6374373412347198,0.0,0.0,0.0,1.0,0.0,1.0,0.0,0.0,0.0,0.0,0.0,1.0,0.0,0.0,0.0,1.0,0.0,0.0,0.0,0.0,1.0
1.5518033604256776,0.4065876509203863,0.5794966811445554,1.3369270332447978,1.601554645321428,-1.0891973988289314,-0.2498138234019069,-0.7901954801387463,-1.1063150745707282,0.1724704984211476,-1.6500661417854043,-0.0688836590318288,0.192541423040564,0.0847522994416629,-0.2718536219154022,0.0,-0.1873778211073658,0.0,0.0,1.0,0.0,0.0,0.0,0.0,0.0,0.0,1.0,0.0,0.0,1.0,0.0,0.0,0.0,1.0,0.0,0.0,1.0,0.0
0.9936059092307606,1.282473430419406,1.2588400267099606,0.972615026396125,0.3264832985675457,0.5443038435945339,-1.5411374960917663,-0.7901954801387463,-0.3527142409628979,-1.6271722031600522,0.6834757065067549,-0.0688836590318288,-0.1894852099764281,-0.87212850070614,-0.6036136207661371,0.0,-0.3192014138462162,0.0,0.0,0.0,1.0,0.0,0.0,0.0,0.0,1.0,0.0,0.0,0.0,1.0,0.0,0.0,1.0,0.0,1.0,0.0,0.0,0.0
-1.3979465764141268,0.4924588057732311,-0.1909318057257093,-0.6105800692161598,-0.6248793952156826,0.3084191876489068,-1.0467668356004416,1.3592999969226094,0.4587670171748421,-0.2564589064901818,1.4233792193798789,-0.0688836590318288,0.192541423040564,1.0416330995894658,0.9224823739472436,1.314684396244359,1.2626816990199885,1.0,0.0,0.0,0.0,0.0,0.0,0.0,0.0,1.0,0.0,1.0,0.0,0.0,0.0,1.0,0.0,0.0,1.0,0.0,0.0,0.0
-0.344247764557056,1.471389971095666,1.9059240513965627,-0.7349928985075139,0.1636067342307323,-1.743777319078046,0.5051138621706261,-0.9096118955310438,0.757106834676005,-0.5024981546555656,0.2850661226519962,-0.0688836590318288,0.4599600661524585,0.0847522994416629,-0.1059736224900347,0.6573421981221795,0.911152118383054,0.0,0.0,1.0,0.0,0.0,1.0,0.0,0.0,0.0,0.0,0.0,1.0,0.0,0.0,0.0,0.0,1.0,1.0,0.0,0.0,0.0
1.3970855886270863,0.8187691942140433,-0.2554504474833176,-1.7070029964127216,1.2342305106873592,1.1222212506613192,0.9047365135415114,-0.1334051954811098,-1.347186379176635,-1.204180946332837,-0.7963313192394923,-0.0688836590318288,0.3071494129456616,0.0847522994416629,0.1926103764756267,1.314684396244359,1.1308581062811378,0.0,0.0,0.0,0.0,1.0,0.0,1.0,0.0,0.0,0.0,0.0,0.0,0.0,1.0,1.0,0.0,0.0,0.0,0.0,0.0,1.0
-0.2117769926249288,-1.3623581390482236,-0.9822339708116702,-1.5528817224587463,0.5881761885480329,-0.3638520817961293,0.3798019791403676,-0.073696987784961,0.8336978028574287,-0.3361046581100247,-1.137825248257857,1.1365803740251796,1.071202678979646,1.0416330995894658,0.8893063740621702,0.6573421981221795,0.6475049329053532,0.0,0.0,1.0,0.0,0.0,0.0,0.0,0.0,0.0,1.0,0.0,0.0,0.0,1.0,1.0,0.0,0.0,1.0,0.0,0.0,0.0
0.2301293229043799,-1.4138808319599296,-1.3655506071362844,0.8776316892353492,1.0870282600733356,-0.4935886425662239,-0.1115122939599753,-1.387277557100234,0.9015040403534794,-0.7394358963579782,1.7079574935618496,-1.2743476920888372,-1.220957119122307,-1.829009300853943,-1.8311256165138563,0.0,-0.2093484198971742,0.0,1.0,0.0,0.0,0.0,1.0,0.0,0.0,0.0,0.0,1.0,0.0,0.0,0.0,0.0,1.0,0.0,0.0,0.0,1.0,0.0
0.2361966865043249,0.2691938031558339,1.6042045208242173,-1.2297152140864738,1.5075087629846908,-0.4110290129852547,0.7014867520412144,0.5233850891765267,-0.0466927758288406,-1.315054627549121,-1.6500661417854043,1.1365803740251796,1.2240133321864428,1.0416330995894658,1.353770372453199,1.314684396244359,1.636181878446731,0.0,1.0,0.0,0.0,0.0,0.0,1.0,0.0,0.0,0.0,0.0,1.0,0.0,0.0,0.0,1.0,0.0,1.0,0.0,0.0,0.0
-1.5071591212131323,-0.6582146692548934,-0.9063296863909548,1.3418087025555574,1.6785632301333948,1.5350193985661669,-0.7571741303049051,-0.6110708570503,-0.4127313275547495,1.528535923324968,0.2281504678156021,1.1365803740251796,1.0330000156779469,0.0847522994416629,0.5575463752114352,1.314684396244359,1.1308581062811378,0.0,0.0,1.0,0.0,0.0,0.0,0.0,0.0,1.0,0.0,1.0,0.0,0.0,0.0,0.0,0.0,1.0,1.0,0.0,0.0,0.0
0.9420333186312304,0.835943425184612,-0.507832193182197,-0.8016625536658852,-1.1789323107212448,-1.7791600174698905,0.9910794573367508,1.5384246200110558,0.4096721524043765,-1.229569350194621,0.9111383258523316,1.1365803740251796,0.6891760459626539,1.0416330995894658,1.4532983721084196,1.9720265943665387,1.899829063924432,0.0,0.0,1.0,0.0,0.0,0.0,0.0,0.0,1.0,0.0,0.0,1.0,0.0,0.0,0.0,1.0,0.0,0.0,0.0,0.0,1.0
-0.921658533818464,1.5744353569190794,1.2076046347259777,-0.999718851416695,-0.0347074089576052,-0.5112799917621461,1.1339655678651552,0.5830932968726754,-0.6255632088746699,1.635234986462462,0.7403913613431491,1.1365803740251796,0.7273787092643531,1.0416330995894658,0.9556583738323172,-0.6573421981221795,-0.5608780005341085,1.0,0.0,0.0,0.0,0.0,0.0,0.0,0.0,1.0,0.0,0.0,1.0,0.0,0.0,1.0,0.0,0.0,0.0,0.0,1.0,0.0
0.1866465504381093,-0.4692981285786335,0.9305539965903652,1.2429200299461745,0.0552495219731867,0.1197114628924057,0.1307064067753416,-0.4916544416580024,-1.6130904699472843,1.2655256803659012,0.1143191581428137,-0.0688836590318288,0.0779334331354663,0.0847522994416629,-0.2055016221452552,-0.6573421981221795,-0.8464957848016177,0.0,0.0,1.0,0.0,0.0,0.0,0.0,0.0,0.0,1.0,0.0,0.0,1.0,0.0,0.0,0.0,1.0,0.0,1.0,0.0,0.0
-0.3391916282237686,0.6126784225672148,-1.0163908988009922,0.7981302176029819,1.0379608432019942,-1.566863827118826,-0.9864031846285488,-0.0139887800888122,1.2859563272132113,0.0387369009200166,0.4558130871611788,-0.0688836590318288,-0.3040931998815258,0.0847522994416629,-0.2718536219154022,0.6573421981221795,0.361887148637844,0.0,1.0,0.0,0.0,0.0,1.0,0.0,0.0,0.0,0.0,1.0,0.0,0.0,0.0,0.0,1.0,0.0,0.0,0.0,1.0,0.0
0.0096817787730541,-1.5856231416656208,-1.36934582135732,-0.1561663945174705,1.1640368448853025,-0.7943415788968979,0.346945814687312,-0.2528216108734073,-1.3244361721104632,0.1349397041274982,-1.4793191772762218,1.1365803740251796,0.6891760459626539,0.0847522994416629,0.4580183755562147,1.314684396244359,1.2846522978097967,1.0,0.0,0.0,0.0,0.0,1.0,0.0,0.0,0.0,0.0,0.0,1.0,0.0,0.0,0.0,1.0,0.0,0.0,1.0,0.0,0.0
-0.9246922156184366,0.835943425184612,0.9836869956848664,-0.810449558425252,-0.1342052265022695,0.0135633677168733,0.097850242322286,1.478716412314907,0.9217493382908356,-1.2717538337397318,-1.137825248257857,1.1365803740251796,0.8419866991694508,1.0416330995894658,1.55282637176364,0.0,0.0762693643703349,1.0,0.0,0.0,0.0,0.0,1.0,0.0,0.0,0.0,0.0,0.0,0.0,0.0,1.0,1.0,0.0,0.0,1.0,0.0,0.0,0.0
-0.5191900816887962,1.5744353569190794,1.5909212710505918,0.6314560797070535,-0.2480143739677418,0.5207153779999711,-1.4448612932758362,-1.0290283109233411,0.8002624891543948,0.7230339087798098,-0.7963313192394923,-0.0688836590318288,-0.3040931998815258,-0.87212850070614,-0.8358456199616516,0.0,0.0323281667907181,0.0,1.0,0.0,0.0,0.0,0.0,0.0,0.0,0.0,1.0,0.0,0.0,0.0,1.0,0.0,0.0,1.0,0.0,1.0,0.0,0.0
1.3354007253609816,-0.6238662073137545,-1.47750942665684,-1.3192589768724037,1.4645747732222676,-1.24841954159223,1.020115137551079,-0.073696987784961,-0.9656008922780422,0.7378766569550796,-0.5117530450575216,-1.2743476920888372,-0.9153358127087132,-0.87212850070614,-0.8358456199616516,-1.314684396244359,-1.3957607545468276,0.0,0.0,0.0,1.0,0.0,0.0,0.0,0.0,1.0,0.0,0.0,0.0,0.0,1.0,1.0,0.0,0.0,0.0,1.0,0.0,0.0
-1.2482849409488233,-0.3834269737257887,0.3422957923298189,0.1233440425900105,0.5745463505282157,-0.6999877165186477,-0.7541177429139232,-0.9693201032271924,-0.2303481587733544,0.6229259650281646,0.1143191581428137,-1.2743476920888372,-0.8389304861053148,-0.87212850070614,-1.267133618467607,-1.9720265943665387,-1.703349137604145,0.0,0.0,1.0,0.0,0.0,1.0,0.0,0.0,0.0,0.0,1.0,0.0,0.0,0.0,1.0,0.0,0.0,0.0,0.0,0.0,1.0
1.6600046779580258,-1.6371458345773282,1.9666474789331356,1.446555378337852,-1.2900154905827532,-1.1776541448085418,0.1154244698204318,-0.0139887800888122,-1.0116161614089494,-0.3121022112106994,0.3419817774883905,-0.0688836590318288,0.3453520762473609,0.0847522994416629,0.2921383761308472,0.6573421981221795,0.8891815195932455,0.0,0.0,0.0,0.0,1.0,0.0,0.0,0.0,0.0,1.0,0.0,0.0,1.0,0.0,0.0,0.0,1.0,0.0,1.0,0.0,0.0
-0.4291908549562824,-0.3147300498435126,0.0880164395204213,1.1293863494045124,0.9643597178949824,1.1811924146477255,-0.7174410942221402,-0.2528216108734073,0.8722880227806519,-1.435547624853921,1.1957166000343027,-0.0688836590318288,0.1543387597388648,0.0847522994416629,-0.0064456228348142,0.6573421981221795,0.4937107413766944,0.0,1.0,0.0,0.0,0.0,0.0,1.0,0.0,0.0,0.0,0.0,0.0,1.0,0.0,1.0,0.0,0.0,0.0,0.0,0.0,1.0
-0.9954781242844586,0.0802772624795741,1.721856161676326,-0.2974558519974498,0.6610958219540535,-1.3604647531664025,-1.08420758113997,0.3442604660880803,1.7337273499765724,1.34202329832636,-0.113343461202763,1.1365803740251796,0.5745680560575562,1.0416330995894658,0.6902503747517292,-0.6573421981221795,-0.3851132102156414,0.0,0.0,0.0,0.0,1.0,0.0,0.0,0.0,0.0,1.0,0.0,0.0,1.0,0.0,0.0,1.0,0.0,0.0,0.0,0.0,1.0
1.4516918610265892,0.9389888110080252,1.7655011252182382,-0.5439104140577885,-1.6743769227415934,0.5914807747836588,-0.1229737466761574,-1.4469857647963829,-0.310053681884362,0.2513492625067792,-1.365487867603434,1.1365803740251796,1.3768239853932398,0.0847522994416629,0.3916663757860677,0.6573421981221795,0.5596225377461196,0.0,0.0,0.0,1.0,0.0,0.0,0.0,0.0,0.0,1.0,1.0,0.0,0.0,0.0,1.0,0.0,0.0,1.0,0.0,0.0,0.0
-0.6193015810878845,-0.2632073569318051,-0.5154226216242684,-0.5094597763504294,1.1251918065288231,1.1576039490531636,0.1062553076474862,-0.073696987784961,1.298768976097226,-0.6463710769968996,1.02496963552512,-0.0688836590318288,0.3835547395490601,0.0847522994416629,0.2921383761308472,-0.6573421981221795,-0.6927015932729589,0.0,0.0,0.0,0.0,1.0,0.0,0.0,0.0,1.0,0.0,0.0,0.0,1.0,0.0,0.0,0.0,1.0,0.0,0.0,1.0,0.0
1.327310907227722,0.2004968792735578,-1.0334693627956533,0.1604447293517823,1.1231473308258508,-1.608143641909311,0.5387341234714271,-0.1931134031772585,0.3049707369248193,0.7267709007556015,1.7079574935618496,1.1365803740251796,1.071202678979646,1.0416330995894658,0.8229543742920231,1.314684396244359,1.350564094179222,0.0,0.0,0.0,0.0,1.0,0.0,0.0,0.0,0.0,1.0,1.0,0.0,0.0,0.0,0.0,0.0,1.0,0.0,0.0,0.0,1.0
0.0744003238391315,-0.520820821490341,0.547237360265751,0.4997904845825713,0.3830471263497863,-0.0807904946613769,-1.6060857281501322,-1.7455268032771265,0.1566937409495249,-0.7767208960139529,0.0004878484700253,1.1365803740251796,1.071202678979646,0.0847522994416629,-0.0396216227198877,0.0,0.0542987655805265,0.0,0.0,1.0,0.0,0.0,0.0,0.0,1.0,0.0,0.0,0.0,0.0,0.0,1.0,0.0,0.0,1.0,0.0,0.0,1.0,0.0
0.3282183677701536,-1.3623581390482236,1.7825795892128986,-1.7913861373558486,1.043412778409921,1.163501065451804,-0.1879219787345232,-0.2528216108734073,0.1631393773204347,-0.6434506374753728,-1.6500661417854043,1.1365803740251796,1.4914319752983374,1.0416330995894658,1.154714373142758,1.314684396244359,1.460417088128264,1.0,0.0,0.0,0.0,0.0,0.0,0.0,1.0,0.0,0.0,0.0,1.0,0.0,0.0,0.0,0.0,1.0,0.0,0.0,0.0,1.0
-1.119859078083326,1.5572611259485107,-0.6881048686813966,0.1718817831655614,1.527272028113426,0.0312547169127955,1.6810589108509184,-0.7304872724425975,0.729060226081397,-1.29773684747861,-1.1947409030942513,-0.0688836590318288,-0.4951065163900219,-0.87212850070614,-0.8358456199616516,-1.314684396244359,-1.263937161807977,0.0,1.0,0.0,0.0,0.0,0.0,0.0,0.0,1.0,0.0,1.0,0.0,0.0,0.0,0.0,0.0,1.0,0.0,1.0,0.0,0.0
-1.2755880771485746,1.145079582654854,-0.1226179497470652,-1.8227682972107304,1.54635380134117,-1.0774031660316503,-0.5913651143441363,0.702509712264973,-0.4094752773169182,1.3111352183012064,-1.137825248257857,-0.0688836590318288,-0.4569038530883227,0.0847522994416629,-0.0064456228348142,-1.314684396244359,-1.1321135690691269,0.0,0.0,0.0,0.0,1.0,0.0,0.0,0.0,0.0,1.0,0.0,0.0,1.0,0.0,0.0,1.0,0.0,0.0,0.0,1.0,0.0
-1.3049136678816406,1.4198672781839583,-1.2611822160578008,-0.7376429475619262,-0.1662353458488394,-1.0597118168357282,0.0084509111360648,0.8816343353534193,-0.656745513787692,0.9944126725411236,-1.3085722127670396,-0.0688836590318288,0.3453520762473609,1.0416330995894658,0.7897783744069496,-0.6573421981221795,-0.7586133896423841,0.0,0.0,0.0,0.0,1.0,0.0,0.0,0.0,0.0,1.0,0.0,0.0,0.0,1.0,1.0,0.0,0.0,0.0,1.0,0.0,0.0
-1.2573859863487402,0.6126784225672148,1.478962451530037,-1.413544932703071,-0.9935665136517328,-0.1161731930532212,-0.3590796726295104,1.478716412314907,-0.4172747916470146,-0.7669024744274765,0.0574035033064195,-1.2743476920888372,-0.9917411393121116,0.0847522994416629,-0.0396216227198877,-1.314684396244359,-1.2419665630181689,0.0,0.0,0.0,0.0,1.0,1.0,0.0,0.0,0.0,0.0,0.0,0.0,1.0,0.0,0.0,1.0,0.0,0.0,0.0,0.0,1.0
1.711577268557556,1.230950737507699,-1.005005256137885,-1.5413051923789454,-0.1144419613735349,0.5560980763918155,0.1200090509069048,0.165135842999634,-0.0902005104297053,-0.6578510229682509,-0.4548373902211274,1.1365803740251796,1.4914319752983374,1.0416330995894658,1.386946372338273,0.6573421981221795,0.9770639147524792,0.0,0.0,0.0,1.0,0.0,0.0,0.0,0.0,1.0,0.0,1.0,0.0,0.0,0.0,0.0,0.0,1.0,0.0,0.0,1.0,0.0
-0.6708741716874149,-0.0227681233438393,-0.9253057574961332,-1.6816183159967728,0.027308354032562,-0.5997367377417564,-0.1420761678697944,0.1054276353034853,-1.6086119499906406,-0.2523140611961332,-0.7963313192394923,-0.0688836590318288,0.4217574028507593,0.0847522994416629,0.4248423756711412,0.0,-0.033583629578707,0.0,0.0,0.0,1.0,0.0,0.0,0.0,0.0,0.0,1.0,0.0,0.0,0.0,1.0,1.0,0.0,0.0,0.0,0.0,0.0,1.0
-1.5627766208792926,0.1661484173324205,-1.1871755387476028,0.3700775571823928,-1.584419991810801,0.2317566744665782,-0.74112809650225,-0.2528216108734073,0.5086515749986599,1.2255680657886654,0.7973070161795434,-1.2743476920888372,-1.1063491292172094,-0.87212850070614,-1.1012536190422395,-0.6573421981221795,-0.3851132102156414,0.0,0.0,1.0,0.0,0.0,0.0,0.0,1.0,0.0,0.0,1.0,0.0,0.0,0.0,0.0,0.0,1.0,0.0,1.0,0.0,0.0
-1.3463739858145964,0.0974514934501443,-1.676758173261219,0.5774787647566566,-0.0531076902843579,-1.1304772136194163,-0.6532569590115199,0.7622179199611218,-1.4955297010776702,0.007667308406067,-1.137825248257857,-1.2743476920888372,-1.373767772329104,-0.87212850070614,-0.7694936201915046,0.6573421981221795,0.4277989450072693,0.0,0.0,1.0,0.0,0.0,0.0,0.0,1.0,0.0,0.0,1.0,0.0,0.0,0.0,1.0,0.0,0.0,0.0,0.0,1.0,0.0
-0.1693054474253157,-0.4349496666374963,-0.1302083781891367,1.5100170793777243,-0.5628636322255149,-1.1304772136194163,1.5488701561909508,1.2995917892264608,-1.4213489894018692,0.2915968234081506,1.0818852903615142,1.1365803740251796,0.88018936247115,1.0416330995894658,1.486474371993493,1.314684396244359,1.5482994832874974,0.0,0.0,1.0,0.0,0.0,0.0,1.0,0.0,0.0,0.0,0.0,0.0,0.0,1.0,1.0,0.0,0.0,0.0,1.0,0.0,0.0
0.587092548034463,0.7844207322729044,-0.708978546897094,-0.8299762356682897,-1.516270801711716,0.9276164095061772,0.9108492883234756,-0.1931134031772585,1.532212191557185,-1.6237183909664097,1.1388009451979084,-1.2743476920888372,-1.5265784255359007,-0.87212850070614,-1.4330136178929744,-1.9720265943665387,-1.7253197363939534,0.0,0.0,0.0,0.0,1.0,1.0,0.0,0.0,0.0,0.0,0.0,0.0,1.0,0.0,0.0,1.0,0.0,0.0,0.0,1.0,0.0
1.1311328174961748,-0.1945104330495289,-1.511666354646162,0.8045461258399796,-0.9492695400873276,0.6032750075809409,-0.3713052221934381,-0.7901954801387463,-0.4207303723781165,0.7874432686442986,-0.7963313192394923,-0.0688836590318288,-0.5333091796917211,-0.87212850070614,-0.9021976197317986,-0.6573421981221795,-0.363142611425833,1.0,0.0,0.0,0.0,0.0,0.0,1.0,0.0,0.0,0.0,0.0,0.0,0.0,1.0,0.0,1.0,0.0,0.0,0.0,1.0,0.0
-0.2532373105578846,1.1794280445959926,-1.2251276809579603,1.6351272899991862,-0.5505967780076796,1.7001386577281052,-0.5409347223929346,1.1801753738341632,0.4858867209572204,-1.1484215954172468,0.4558130871611788,1.1365803740251796,0.7655813725660523,1.0416330995894658,1.3205943725681255,0.6573421981221795,0.9770639147524792,0.0,1.0,0.0,0.0,0.0,0.0,1.0,0.0,0.0,0.0,0.0,0.0,0.0,1.0,0.0,0.0,1.0,0.0,0.0,0.0,1.0
0.4273186399025845,1.4370415091545272,-1.2384109307315858,-0.962478688388902,0.2528821732605339,0.5560980763918155,-1.2278577885161202,0.941342543049568,0.745100183968755,1.549132600478761,-1.422403522439828,-1.2743476920888372,-0.9535384760104124,0.0847522994416629,-0.3050296218004756,0.6573421981221795,0.3399165498480356,0.0,0.0,0.0,1.0,0.0,0.0,1.0,0.0,0.0,0.0,0.0,0.0,1.0,0.0,0.0,0.0,1.0,1.0,0.0,0.0,0.0
-1.3706434402143757,0.011580338597298,-0.4546991940876965,1.118646676920842,0.3619208774190697,0.5148182616013306,-0.6998668667239941,0.702509712264973,0.976830670575467,0.787711562034078,0.7973070161795434,-1.2743476920888372,-1.4119704356308032,-0.87212850070614,-0.8358456199616516,0.6573421981221795,0.4497695437970777,0.0,1.0,0.0,0.0,0.0,0.0,0.0,0.0,0.0,1.0,0.0,1.0,0.0,0.0,1.0,0.0,0.0,1.0,0.0,0.0,0.0
-0.8660410341523043,0.835943425184612,-0.2839145541410857,-1.7535880692639685,-1.008559335473532,-0.4169261293838953,0.596041387052338,-1.3275693494040852,0.8481109792369785,1.3716942466116238,1.3664635645434846,1.1365803740251796,0.7273787092643531,0.0847522994416629,-0.1059736224900347,0.0,0.2959753522684188,1.0,0.0,0.0,0.0,0.0,0.0,0.0,1.0,0.0,0.0,0.0,0.0,0.0,1.0,1.0,0.0,0.0,1.0,0.0,0.0,0.0
-1.643674802211889,0.9905115039197327,-0.6482551193605215,-0.8475502451870235,-0.0428853117694957,0.6740404043646284,-1.1667300406964818,1.1801753738341632,0.8236191639040602,0.3001424584469011,-1.422403522439828,1.1365803740251796,1.1094053422813452,1.998513899737269,1.619178371533787,0.6573421981221795,0.801299124434012,1.0,0.0,0.0,0.0,0.0,0.0,1.0,0.0,0.0,0.0,1.0,0.0,0.0,0.0,0.0,0.0,1.0,0.0,0.0,1.0,0.0
0.060243142105927,0.2863680341264026,-0.0087615231159914,1.1330127323210764,0.7605936394987183,0.7035259863578323,-0.5111349453308609,0.2248440506957828,-1.0957459001249006,1.339297227723403,-0.5117530450575216,1.1365803740251796,1.1476080055830444,1.0416330995894658,1.121538373257685,1.9720265943665387,2.0096820578734738,0.0,0.0,0.0,1.0,0.0,1.0,0.0,0.0,0.0,0.0,0.0,0.0,1.0,0.0,0.0,1.0,0.0,0.0,1.0,0.0,0.0
-0.2269454016247909,1.1966022755665613,0.8489568908380959,-0.3293959169164183,1.479567595044066,-0.0866876110600179,0.3966121097907683,1.4190082046187582,-0.2241577390375348,-0.885562415508035,0.9111383258523316,1.1365803740251796,1.4914319752983374,1.998513899737269,2.083642369924816,0.0,0.0762693643703349,0.0,0.0,0.0,0.0,1.0,0.0,0.0,0.0,1.0,0.0,0.0,0.0,0.0,1.0,1.0,0.0,0.0,0.0,0.0,0.0,1.0
0.2655222772373911,-1.465403524871637,0.2606986865775496,0.0904276438088901,-0.7945708785624047,1.546813631363448,-0.7869739073669788,0.5830932968726754,-1.5187679564140857,-1.6485757904457767,1.3664635645434846,-1.2743476920888372,-1.373767772329104,-0.87212850070614,-0.8690216198467251,0.6573421981221795,0.361887148637844,0.0,0.0,1.0,0.0,0.0,0.0,0.0,0.0,1.0,0.0,0.0,1.0,0.0,0.0,0.0,1.0,0.0,0.0,0.0,0.0,1.0
0.1461974597718111,0.1489741863618503,-0.2174983052729599,-1.557205486705419,0.8996179873008514,0.6032750075809409,-0.6517287653160291,-0.2528216108734073,1.1973167019049018,-1.226401931890575,-1.422403522439828,1.1365803740251796,0.6891760459626539,0.0847522994416629,0.4580183755562147,-0.6573421981221795,-0.6487603956933421,0.0,1.0,0.0,0.0,0.0,0.0,0.0,0.0,0.0,1.0,0.0,1.0,0.0,0.0,0.0,0.0,1.0,0.0,0.0,1.0,0.0
-1.0834548964836574,1.505738433036803,-0.7905756526493634,-1.4471587128142998,-0.2371105035518884,0.7860856159388009,0.4554475670671701,-0.3125298185695561,-0.8140677078859047,0.6513467946813588,-1.7069817966217986,1.1365803740251796,0.6891760459626539,0.0847522994416629,0.4248423756711412,-0.6573421981221795,-0.4070838090054497,0.0,0.0,1.0,0.0,0.0,0.0,1.0,0.0,0.0,0.0,0.0,1.0,0.0,0.0,1.0,0.0,0.0,1.0,0.0,0.0,0.0
-1.3109810314815855,0.2348453412146966,-0.5628627993872157,-1.4846778283741364,-0.2009914327993732,-0.6999877165186477,0.427940080548333,0.5233850891765267,-0.5629766835554176,0.4355069617304145,-1.4793191772762218,1.1365803740251796,1.567837301901736,1.998513899737269,1.6523543714188609,1.9720265943665387,1.702093674816156,0.0,1.0,0.0,0.0,0.0,1.0,0.0,0.0,0.0,0.0,0.0,0.0,0.0,1.0,0.0,0.0,1.0,1.0,0.0,0.0,0.0
1.1119194994296833,1.505738433036803,1.0709769227686896,1.573339304151575,0.9452779446672386,0.3673903516353138,-1.484594329358601,0.6428015045688242,1.452977444339926,-1.2153822799378786,-0.6825000095667042,-1.2743476920888372,-1.5265784255359007,-0.87212850070614,-0.9685496195019456,-1.314684396244359,-1.0662017726997015,0.0,0.0,1.0,0.0,0.0,1.0,0.0,0.0,0.0,0.0,1.0,0.0,0.0,0.0,0.0,1.0,0.0,0.0,0.0,1.0,0.0
-0.6567169899542105,0.9905115039197327,1.6649279483607895,-1.2700238549667444,-1.6443912790979962,-0.4051318965866142,-0.0014823478846263,-0.2528216108734073,0.816555452812652,-0.7913516822614836,1.4233792193798789,-0.0688836590318288,0.3835547395490601,0.0847522994416629,0.1926103764756267,0.6573421981221795,0.361887148637844,0.0,0.0,0.0,0.0,1.0,1.0,0.0,0.0,0.0,0.0,0.0,0.0,0.0,1.0,0.0,1.0,0.0,0.0,0.0,1.0,0.0
1.814722449756616,-1.3280096771070848,0.074733189746796,0.8102646527468692,1.2165117212615977,-1.24841954159223,-0.1772246228660865,-0.3125298185695561,0.1338121256429787,1.538755431687717,1.252632254870696,-1.2743476920888372,-1.2591597824240062,-0.87212850070614,-1.267133618467607,-0.6573421981221795,-0.7586133896423841,1.0,0.0,0.0,0.0,0.0,0.0,0.0,1.0,0.0,0.0,0.0,0.0,1.0,0.0,0.0,1.0,0.0,0.0,0.0,0.0,1.0
-1.0450282603506742,-0.0055938923732706,-0.8531966872964535,0.3552930729840933,-1.1087386449191872,0.8627481291211301,-1.266062630903394,-0.4319462339618536,0.604062939146106,1.2401668801253094,-1.137825248257857,1.1365803740251796,1.2622159954881422,1.0416330995894658,0.8561303741770967,1.314684396244359,1.350564094179222,0.0,1.0,0.0,0.0,0.0,1.0,0.0,0.0,0.0,0.0,0.0,0.0,0.0,1.0,0.0,1.0,0.0,1.0,0.0,0.0,0.0
-0.5616616268884093,-1.1219189054602563,0.7711549993068623,-0.6895236357844408,0.9364185499543578,-0.6351194361336001,0.907792900932494,1.6578410354033533,0.3271863293937167,-1.5628212047201993,-0.2271747708755507,-1.2743476920888372,-1.2591597824240062,0.0847522994416629,-0.1723256222601817,0.6573421981221795,0.581593136535928,0.0,1.0,0.0,0.0,0.0,0.0,0.0,0.0,1.0,0.0,1.0,0.0,0.0,0.0,0.0,0.0,1.0,1.0,0.0,0.0,0.0
0.9076515915648766,-1.001699288666274,-1.5249496044197872,0.7392712333418257,-0.0524261983833676,-1.7260859698821238,0.7824810179022352,-1.0887365186194902,1.14122307017865,-1.4174999040665768,0.3988974323247846,-1.2743476920888372,-1.717591742044397,-1.829009300853943,-2.0965336155944443,-1.314684396244359,-1.4616725509162527,0.0,1.0,0.0,0.0,0.0,0.0,0.0,1.0,0.0,0.0,1.0,0.0,0.0,0.0,0.0,0.0,1.0,0.0,0.0,0.0,1.0
-1.2209818047490717,-0.1258135091672527,-0.610302977150163,1.3507351835809458,1.6785632301333948,0.3555961188380322,-1.288221439488013,-1.626110387884829,1.2633246777393017,-1.0185422202318295,-1.2516565579306451,-1.2743476920888372,-1.4501730989325023,-1.829009300853943,-2.1628856153645915,-1.314684396244359,-1.3298489581774025,0.0,1.0,0.0,0.0,0.0,1.0,0.0,0.0,0.0,0.0,0.0,0.0,1.0,0.0,0.0,1.0,0.0,1.0,0.0,0.0,0.0
-0.6728966262207298,-0.0914650472261154,0.2758795434616924,-1.5526027699267029,-0.7761705972356515,-0.9830493036533996,-0.3904076433870751,-0.4916544416580024,-0.8302998727788992,0.7745859930515239,0.9111383258523316,1.1365803740251796,0.8037840358677515,0.0847522994416629,0.4248423756711412,0.0,0.0542987655805265,1.0,0.0,0.0,0.0,0.0,0.0,0.0,0.0,0.0,1.0,1.0,0.0,0.0,0.0,0.0,0.0,1.0,0.0,1.0,0.0,0.0
0.466756503302225,-1.499751986812776,-1.604649103061539,-0.4049920531001784,-0.6739468120870239,0.449949981216283,-0.4729301029435869,0.165135842999634,-0.6428380725919166,-0.8357334311532747,-0.7394156644030984,-0.0688836590318288,-0.4951065163900219,0.0847522994416629,-0.3382056216855492,-1.314684396244359,-1.4836431497060611,0.0,0.0,0.0,0.0,1.0,0.0,0.0,0.0,0.0,1.0,0.0,0.0,1.0,0.0,0.0,0.0,1.0,0.0,1.0,0.0,0.0
-1.3777220310809777,1.4026930472133898,-0.0030687017844375,-1.6374043396678946,0.9091588739147234,0.0607402989059987,-0.726610256395086,0.702509712264973,-0.6252871272087732,-0.909656549051284,-0.7394156644030984,-1.2743476920888372,-1.6411864154409983,-0.87212850070614,-1.0349016192720926,0.0,-0.0994954259481322,0.0,0.0,0.0,0.0,1.0,0.0,0.0,0.0,0.0,1.0,1.0,0.0,0.0,0.0,0.0,0.0,1.0,1.0,0.0,0.0,0.0
-0.4585164456893486,0.3722391889792474,1.237966348494264,0.0845696406359786,-0.4442840414531071,-1.4135388007541687,-1.1460994258073538,1.001050750745717,0.416171954947975,-1.1121558061480414,1.480294874216273,1.1365803740251796,1.4532293119966382,1.998513899737269,1.818234370844228,0.6573421981221795,0.9331227171728624,0.0,0.0,1.0,0.0,0.0,0.0,1.0,0.0,0.0,0.0,0.0,0.0,1.0,0.0,1.0,0.0,0.0,0.0,0.0,1.0,0.0
0.8672025008985784,-0.7269115931371696,-0.6122005842606812,-0.9363966266428446,1.5313609795193712,0.6386577059727842,-1.3149648291591047,-0.1334051954811098,-0.4067010572937921,-1.3064501235950845,-1.4793191772762218,-1.2743476920888372,-1.6411864154409983,-1.829009300853943,-1.4993656176631216,0.0,-0.2093484198971742,0.0,0.0,0.0,0.0,1.0,1.0,0.0,0.0,0.0,0.0,0.0,0.0,0.0,1.0,0.0,0.0,1.0,0.0,1.0,0.0,0.0
-0.0904297206260339,0.9389888110080252,-0.0979490573103322,1.161744843121546,-0.1948580056904553,-1.372258985963684,0.6174360987892115,-0.1931134031772585,-1.6934140677787903,-1.4391416736302407,0.3419817774883905,-1.2743476920888372,-1.2591597824240062,-0.87212850070614,-1.20078161869746,-0.6573421981221795,-0.5169368029544917,0.0,0.0,0.0,1.0,0.0,0.0,0.0,0.0,0.0,1.0,0.0,0.0,0.0,1.0,0.0,1.0,0.0,0.0,1.0,0.0,0.0
-0.8842431249521384,-0.1429877401378229,1.088055386763351,-1.791944042419935,-0.8116081760871761,1.5880934461539329,-0.9031166282242916,0.5233850891765267,1.526014171975708,-0.1455945292691301,-0.5686686998939159,-1.2743476920888372,-1.2591597824240062,-0.87212850070614,-0.802669620076578,-0.6573421981221795,-0.5608780005341085,0.0,0.0,1.0,0.0,0.0,0.0,0.0,0.0,1.0,0.0,1.0,0.0,0.0,0.0,0.0,0.0,1.0,0.0,0.0,1.0,0.0
0.0440635058394077,0.9389888110080252,-0.9613602925959734,0.9798677922292534,-0.2657331633935038,1.0809414358708345,-1.213339948408956,0.2845522583919316,1.638505705612549,-1.0252448183969116,-1.536234832112616,1.1365803740251796,1.2622159954881422,1.0416330995894658,1.2542423727979786,1.9720265943665387,1.746034872395773,0.0,0.0,1.0,0.0,0.0,0.0,0.0,0.0,0.0,1.0,0.0,0.0,0.0,1.0,1.0,0.0,0.0,1.0,0.0,0.0,0.0
1.2818056802281363,0.5439814986849386,1.2095022418364958,-0.7114214095498471,-0.0878637772348916,0.8096740815333642,0.7351070133420152,-0.6707790647464488,-0.4241367613809605,-0.41536843843471,-0.3979217353847333,-0.0688836590318288,0.4217574028507593,0.0847522994416629,-0.0064456228348142,0.0,0.0762693643703349,0.0,1.0,0.0,0.0,0.0,0.0,0.0,1.0,0.0,0.0,0.0,1.0,0.0,0.0,0.0,0.0,1.0,1.0,0.0,0.0,0.0
-1.0925559418835746,-0.0227681233438393,0.6705818224494144,0.3225161504689941,1.4155073563509264,0.9512048751007404,1.2103752526397031,-0.5513626493541511,1.534627837044274,-0.8029760939042548,-0.1702591160391572,1.1365803740251796,0.88018936247115,0.0847522994416629,0.4580183755562147,1.314684396244359,1.5043582857078803,0.0,0.0,0.0,1.0,0.0,1.0,0.0,0.0,0.0,0.0,0.0,0.0,0.0,1.0,1.0,0.0,0.0,0.0,0.0,1.0,0.0
0.8783260008318104,-0.606691976343186,-1.266875037389354,0.0806643051873711,-1.0910198554934247,1.3581059066069463,-1.5128659127251838,0.7622179199611218,-0.2694015547446682,1.1038910927997163,-0.9101626289122806,-1.2743476920888372,-0.7243224962002172,0.0847522994416629,-0.2055016221452552,-1.9720265943665387,-1.7253197363939534,0.0,0.0,0.0,0.0,1.0,0.0,0.0,1.0,0.0,0.0,1.0,0.0,0.0,0.0,0.0,1.0,0.0,1.0,0.0,0.0,0.0
-1.1562632596829945,-0.3834269737257887,-0.035328022663242,-0.6388937512185644,-1.2286812194935768,1.257854927830055,1.768165951493903,-1.2678611417079364,0.2462098357306985,-0.6670103833652103,-0.113343461202763,-0.0688836590318288,-0.0748772200713305,-0.87212850070614,-0.7694936201915046,0.0,0.0542987655805265,0.0,0.0,1.0,0.0,0.0,0.0,0.0,0.0,0.0,1.0,0.0,1.0,0.0,0.0,0.0,1.0,0.0,0.0,1.0,0.0,0.0
-0.6375036718877186,-0.4177754356669276,-1.4794070337673582,0.3918358546817776,-1.024915141097312,1.635270377343058,1.7589967893209577,1.8369656584918,-0.1334687808028426,-1.7432791279489706,-0.113343461202763,-1.2743476920888372,-1.0681464659155102,0.0847522994416629,0.0930823768204062,1.314684396244359,1.1747993038607547,0.0,1.0,0.0,0.0,0.0,0.0,0.0,1.0,0.0,0.0,0.0,1.0,0.0,0.0,0.0,1.0,0.0,0.0,1.0,0.0,0.0
1.3171986345611475,0.8531176561551805,-0.8911488295068112,0.6889203013079929,0.5247974417558833,0.1138143464937652,0.1727317334013427,0.3442604660880803,-0.5795864916881,0.4216857922316105,-1.3085722127670396,-0.0688836590318288,0.3835547395490601,0.0847522994416629,0.5243703753263617,0.0,-0.3192014138462162,0.0,0.0,1.0,0.0,0.0,0.0,0.0,0.0,1.0,0.0,0.0,0.0,0.0,1.0,0.0,0.0,1.0,0.0,0.0,0.0,1.0
0.6245079569007888,-1.723016989430173,-1.7412768150188271,0.9295168601954203,-0.9070170422258952,-0.6469136689308812,-1.4486817775145635,0.2248440506957828,-0.0488204562550048,0.8855765662806292,0.0574035033064195,1.1365803740251796,1.071202678979646,1.0416330995894658,1.0551863734875375,-0.6573421981221795,-0.5389074017443001,0.0,0.0,0.0,1.0,0.0,0.0,0.0,0.0,0.0,1.0,0.0,0.0,1.0,0.0,1.0,0.0,0.0,0.0,0.0,0.0,1.0
1.1189980902962855,-1.0360477506074115,0.5111828251659115,1.4630135777284123,0.7108447307263859,0.7212173355537539,1.4503016628317835,-0.7901954801387463,0.6453570459753672,1.0422008678326464,-0.3410060805483391,-0.0688836590318288,0.0015281065320679,-0.87212850070614,-0.4377336213407696,-0.6573421981221795,-0.4949662041646833,0.0,0.0,0.0,1.0,0.0,0.0,0.0,0.0,1.0,0.0,0.0,1.0,0.0,0.0,1.0,0.0,0.0,0.0,0.0,0.0,1.0
-0.1966085836250671,0.3035422650969728,-0.885456008175258,-0.3726335593831447,0.5459236906865998,-1.4902013139364974,1.6489668432456082,1.239883581530312,-0.3451876301814232,-0.1560715045544781,0.4558130871611788,1.1365803740251796,1.1858106688847436,1.998513899737269,1.7187063711890076,-0.6573421981221795,-0.5389074017443001,0.0,0.0,0.0,1.0,0.0,0.0,1.0,0.0,0.0,0.0,0.0,1.0,0.0,0.0,0.0,0.0,1.0,0.0,1.0,0.0,0.0
-0.8245807162193485,-0.9673508267251354,0.5738038598130016,0.2453857753589955,-1.0514933252359553,-1.4135388007541687,1.6336849062906988,0.5830932968726754,-0.1732611581301201,-0.2897746526166682,1.0818852903615142,-0.0688836590318288,0.4599600661524585,1.0416330995894658,0.7234263746368027,0.6573421981221795,0.7793285256442036,0.0,0.0,1.0,0.0,0.0,0.0,1.0,0.0,0.0,0.0,0.0,1.0,0.0,0.0,0.0,0.0,1.0,1.0,0.0,0.0,0.0
