run,serialized_size_bytes,encrypted_size_bytes,encryption_time_ms,decryption_time_ms,security_overhead_ms
1,1756,1784,0.032500000088475645,0.007399998139590025,0.03989999822806567
2,1756,1784,0.004299989086575806,0.0035999983083456755,0.007899987394921482
3,1756,1784,0.0034999975468963385,0.0033999967854470015,0.00689999433234334
4,1756,1784,0.0031999952625483274,0.0030999945010989904,0.006299989763647318
5,1756,1784,0.0032999960239976645,0.0030999945010989904,0.006399990525096655
6,1756,1784,0.0032999960239976645,0.0030999945010989904,0.006399990525096655
7,1756,1784,0.0030999945010989904,0.0030999945010989904,0.006199989002197981
8,1756,1784,0.0030999945010989904,0.0029999937396496534,0.006099988240748644
9,1756,1784,0.0031999952625483274,0.003200009814463556,0.006400005077011883
10,1756,1784,0.0029999937396496534,0.003000008291564882,0.006000002031214535
11,1756,1784,0.00340001133736223,0.0030999945010989904,0.00650000583846122
12,1756,1784,0.003100009053014219,0.0029999937396496534,0.006100002792663872
13,1756,1784,0.0031999952625483274,0.0031999952625483274,0.006399990525096655
14,1756,1784,0.003000008291564882,0.0029999937396496534,0.006000002031214535
15,1756,1784,0.003100009053014219,0.003000008291564882,0.006100017344579101
16,1756,1784,0.0029999937396496534,0.0029999937396496534,0.005999987479299307
17,1756,1784,0.0031999952625483274,0.003000008291564882,0.006200003554113209
18,1756,1784,0.002900007530115545,0.0030999945010989904,0.006000002031214535
19,1756,1784,0.0030999945010989904,0.003000008291564882,0.006100002792663872
20,1756,1784,0.003000008291564882,0.0030999945010989904,0.006100002792663872
21,1756,1784,0.0033999967854470015,0.0029999937396496534,0.006399990525096655
22,1756,1784,0.0033999967854470015,0.003100009053014219,0.00650000583846122
23,1756,1784,0.003100009053014219,0.0030999945010989904,0.006200003554113209
24,1756,1784,0.0030999945010989904,0.0029999937396496534,0.006099988240748644
25,1756,1784,0.0030999945010989904,0.003000008291564882,0.006100002792663872
26,1756,1784,0.003000008291564882,0.003100009053014219,0.006100017344579101
27,1756,1784,0.0032999960239976645,0.0030999945010989904,0.006399990525096655
28,1756,1784,0.003200009814463556,0.0031999952625483274,0.006400005077011883
29,1756,1784,0.003100009053014219,0.0030999945010989904,0.006200003554113209
30,1756,1784,0.0030999945010989904,0.0029999937396496534,0.006099988240748644
